dataset,avg_test_acc,std_dev_test_acc
citeseer,0.7093964397907258,0.02342120992993945
texas,0.5837837934494019,0.04391371694199921
wisconsin,0.19411765430122613,0.1468495307568818
cornell,0.572972983121872,0.03151865134879755
chameleon,0.42521930038928984,0.022092596665335248
cora,0.7181086301803589,0.024352723886258896
